date,open,high,low,close,volume,Name
2/8/2013,163.57,165.8,162.325,164.44,1163956,BIIB
2/11/2013,164.51,165.28,163.055,163.96,1036172,BIIB
2/12/2013,163.98,165.94,163.32,165.45,1079829,BIIB
2/13/2013,163.39,167.29,163.34,165.91,1378081,BIIB
2/14/2013,165.67,165.77,163.45,164.59,1203561,BIIB
2/15/2013,165.34,169.07,164.4,168.74,1933942,BIIB
2/19/2013,168.67,168.9,165.79,166.81,1127644,BIIB
2/20/2013,166.3,168.55,164.72,164.77,1540483,BIIB
2/21/2013,164.8,165.47,161.97,162.6,1162498,BIIB
2/22/2013,163.14,164.67,162.69,164.4,746660,BIIB
2/25/2013,164.09,166.95,161.25,161.36,1215702,BIIB
2/26/2013,160.65,163.52,160.4201,161.99,1381027,BIIB
2/27/2013,163,167.23,162.74,166.06,1034545,BIIB
2/28/2013,165.6,168.6861,164.62,166.34,1212147,BIIB
3/1/2013,165.3,171.11,164.45,168.7,1710887,BIIB
3/4/2013,167.64,170.02,165.98,169.96,1230019,BIIB
3/5/2013,170.08,173.72,170.05,171.31,1371156,BIIB
3/6/2013,171.54,172.58,169.99,172.45,1073982,BIIB
3/7/2013,172.44,173,171,171.47,968849,BIIB
3/8/2013,172.41,172.985,171.22,172.38,1165528,BIIB
3/11/2013,171.85,174.21,171.42,174.14,1092173,BIIB
3/12/2013,174.44,176.47,173.8101,176.05,1944621,BIIB
3/13/2013,175.62,176.34,174.23,176.15,1191460,BIIB
3/14/2013,176.2,177.91,175.91,176.78,1041776,BIIB
3/15/2013,175.96,178.18,175.76,176.78,2049444,BIIB
3/18/2013,174.81,176.74,174.53,175.52,870968,BIIB
3/19/2013,175.78,177.55,174.72,175.61,1236352,BIIB
3/20/2013,177.06,178.41,176.64,178.1,830709,BIIB
3/21/2013,177.28,178.33,176.18,176.55,1047714,BIIB
3/22/2013,176.88,178.9,176.88,178,929254,BIIB
3/25/2013,178.48,178.48,175.63,176.22,1136549,BIIB
3/26/2013,177.42,178.13,175.98,177.09,1232662,BIIB
3/27/2013,176.52,184.17,176.01,182.68,2456383,BIIB
3/28/2013,186.6,192.92,186.36,192.618,3994948,BIIB
4/1/2013,193.66,196.78,191.8,192.77,2067026,BIIB
4/2/2013,194.94,199.5399,194.23,198.19,2039241,BIIB
4/3/2013,198.38,199.0456,194.16,195.74,1824010,BIIB
4/4/2013,197.76,198.87,194.48,195.68,1199070,BIIB
4/5/2013,193.05,193.9899,191.8,193.31,1317763,BIIB
4/8/2013,193.6,194.8799,192.33,194.13,709139,BIIB
4/9/2013,194.51,195.43,192.2,193.17,746358,BIIB
4/10/2013,193.69,198.44,193.22,198.34,887061,BIIB
4/11/2013,198.94,201,197.18,200.26,884832,BIIB
4/12/2013,202.59,209,201.9,207.01,1833671,BIIB
4/15/2013,206.88,207.5,198.5094,198.75,1409009,BIIB
4/16/2013,201.51,202.48,197.74,202.125,1308037,BIIB
4/17/2013,200.11,204.75,199,204.08,1309947,BIIB
4/18/2013,204.18,204.18,197.92,198.66,978791,BIIB
4/19/2013,197.65,203.72,197.5,203.27,942567,BIIB
4/22/2013,204.86,216.67,204.36,215.2,2677905,BIIB
4/23/2013,216.88,217.8,211.23,212.76,1971634,BIIB
4/24/2013,211.93,212.31,205.91,206.18,1584701,BIIB
4/25/2013,212.23,217.67,212.1001,216,1984793,BIIB
4/26/2013,215.89,218.455,212.53,213.59,1083351,BIIB
4/29/2013,219.71,225,219.35,223.61,2066235,BIIB
4/30/2013,223.94,226.18,218.21,218.93,1620301,BIIB
5/1/2013,215.39,218.39,214,214.33,1236124,BIIB
5/2/2013,214.68,219.08,213.26,217.3,1124451,BIIB
5/3/2013,220.39,222.55,217.85,218.85,922300,BIIB
5/6/2013,221.72,222,215.39,215.73,942158,BIIB
5/7/2013,214.81,216.62,211.63,212.55,1119507,BIIB
5/8/2013,212.03,215.6199,209.57,210.71,1141499,BIIB
5/9/2013,210.4,212.04,208.5001,209.28,1027522,BIIB
5/10/2013,210.76,213.38,209.05,213.22,1108467,BIIB
5/13/2013,216.5,222.93,215.94,222.74,1593202,BIIB
5/14/2013,223.4,231.99,222.75,229.84,1972277,BIIB
5/15/2013,228.73,230.98,224.5801,227.13,933715,BIIB
5/16/2013,226.68,228.84,223.107,227.99,1592661,BIIB
5/17/2013,228.36,228.86,224.6,226.85,1243779,BIIB
5/20/2013,226.05,234.46,224.33,225.18,1281240,BIIB
5/21/2013,226.17,234.2,226,231.33,1364463,BIIB
5/22/2013,232.27,238.83,230.06,233.07,1404856,BIIB
5/23/2013,230.25,235.1,226.011,232.62,1231116,BIIB
5/24/2013,230.87,235.4,229.35,235.24,825879,BIIB
5/28/2013,237.23,242.64,236.28,240.86,1451726,BIIB
5/29/2013,239.42,242.18,238.44,238.99,1143833,BIIB
5/30/2013,235.82,241.12,233.12,238.89,1267994,BIIB
5/31/2013,237.18,240.49,237.01,237.49,1337301,BIIB
6/3/2013,234.15,234.7,220.08,227.39,2464121,BIIB
6/4/2013,224.22,225,218.38,219.74,2515077,BIIB
6/5/2013,219,223.6,209.87,214.1,2335535,BIIB
6/6/2013,214.35,221.35,212.87,221.19,1612129,BIIB
6/7/2013,223.57,228.1,223.3,225.02,1722384,BIIB
6/10/2013,225.81,226.6,220.47,222.19,1020853,BIIB
6/11/2013,219.62,225,218.31,223.03,1331794,BIIB
6/12/2013,217.7,218.9,204.12,206.55,2778588,BIIB
6/13/2013,205.86,210.87,204.56,209.58,2011599,BIIB
6/14/2013,212,217.65,208.421,211.99,1569388,BIIB
6/17/2013,214.01,216,206.62,207.75,1649928,BIIB
6/18/2013,210.47,211.62,206.43,210.8,1440675,BIIB
6/19/2013,210.47,211.26,203.59,203.8,1213582,BIIB
6/20/2013,201.6,202.97,197.7,199.58,1937125,BIIB
6/21/2013,201.01,202.9799,194.66,199.074,3518119,BIIB
6/24/2013,197.8,203.6525,195.1,200.46,1820089,BIIB
6/25/2013,201.75,202.31,196.691,199.15,1199468,BIIB
6/26/2013,201.57,209.87,200.26,208.43,1477546,BIIB
6/27/2013,209.8,212.98,207.82,208.81,1400650,BIIB
6/28/2013,221.68,224.63,215.13,215.2,3110384,BIIB
7/1/2013,220.25,223.8,217.725,217.875,1522876,BIIB
7/2/2013,217.49,219.28,215.22,216.65,1172461,BIIB
7/3/2013,214.87,218.67,214.53,217.5,363593,BIIB
7/5/2013,220.27,223.94,220.12,221.65,806090,BIIB
7/8/2013,223.38,225.22,217.5,218.07,943600,BIIB
7/9/2013,219.2,220.92,215.81,219.258,829085,BIIB
7/10/2013,218.87,221.51,216.38,219.7,857696,BIIB
7/11/2013,222.61,226,220.83,223.3,1260874,BIIB
7/12/2013,222.52,226.54,219.19,226.34,1360519,BIIB
7/15/2013,228.01,228.01,222.5,224.33,810476,BIIB
7/16/2013,223.94,225.53,220.031,222.85,1063441,BIIB
7/17/2013,224.06,227.12,223.32,225.1,1025044,BIIB
7/18/2013,225.33,226.99,222.624,223.12,813615,BIIB
7/19/2013,224.33,230.62,220.1,230.27,1592399,BIIB
7/22/2013,234.69,234.74,222.09,231.67,2485920,BIIB
7/23/2013,231.55,231.83,221.91,222.655,1722856,BIIB
7/24/2013,222.73,226.97,221.178,226.61,1455739,BIIB
7/25/2013,233.53,233.97,222.2,227.48,2392644,BIIB
7/26/2013,226.4,227.76,218.16,223.23,1403347,BIIB
7/29/2013,221.86,224.11,215.96,215.96,1429111,BIIB
7/30/2013,216.98,217.99,214.2101,216.93,1797980,BIIB
7/31/2013,217.49,221.7,216.06,218.13,1202869,BIIB
8/1/2013,218.82,221.58,218.03,220.199,1126054,BIIB
8/2/2013,220.38,227.8,220.3,227.76,1529572,BIIB
8/5/2013,228,229,225.1,227.57,969762,BIIB
8/6/2013,227.21,227.36,221.7,221.82,771221,BIIB
8/7/2013,220.64,223,217.13,217.76,1114953,BIIB
8/8/2013,219.7,219.9999,215.87,216.89,807767,BIIB
8/9/2013,214.75,217.1,212.01,212.35,1028855,BIIB
8/12/2013,210.79,210.79,203.55,206.89,1958713,BIIB
8/13/2013,206.88,213.49,206.15,211.25,1775886,BIIB
8/14/2013,210.93,214.16,210.652,211.52,1054843,BIIB
8/15/2013,209.41,209.86,205.73,206.53,814902,BIIB
8/16/2013,205.61,208.92,205.28,206.89,1252746,BIIB
8/19/2013,207.15,209.95,206.84,206.87,639825,BIIB
8/20/2013,206.81,209.246,206.24,206.55,736676,BIIB
8/21/2013,205.61,210.98,203.55,208.08,999517,BIIB
8/22/2013,208.35,212.77,208.01,211.48,612420,BIIB
8/23/2013,211.49,212.25,210.02,211.38,612324,BIIB
8/26/2013,212.02,214.923,210.985,212.34,806600,BIIB
8/27/2013,210.09,211.71,207.39,207.65,725874,BIIB
8/28/2013,208.27,211.29,206.6,209.71,809577,BIIB
8/29/2013,209.19,217.07,209.03,214.13,859661,BIIB
8/30/2013,213.99,214.56,210.87,213.02,1002299,BIIB
9/3/2013,216,222.45,213.05,221.79,1223372,BIIB
9/4/2013,223.64,231.65,223,230.585,1905370,BIIB
9/5/2013,229.81,231.72,226.02,227.7,1074656,BIIB
9/6/2013,229.5,230,224.43,225.18,1256355,BIIB
9/9/2013,226.09,229,224.94,228.858,891582,BIIB
9/10/2013,230,230.35,224.79,228.694,932221,BIIB
9/11/2013,228.5,236.54,227.79,236.27,1220774,BIIB
9/12/2013,236.77,238.5,233.0801,234.11,1112213,BIIB
9/13/2013,234.95,236.07,231.5401,234.71,650440,BIIB
9/16/2013,238.03,240.375,236.31,239.57,1045346,BIIB
9/17/2013,238.98,241,236.23,240.05,798156,BIIB
9/18/2013,245.99,246.49,240.05,246.346,1606258,BIIB
9/19/2013,247.03,248.95,244.62,247.98,1395622,BIIB
9/20/2013,248.28,248.75,246.05,248.13,1673260,BIIB
9/23/2013,248.4,248.4,241.5229,242.674,1059910,BIIB
9/24/2013,242.46,243.97,240.89,243.54,835783,BIIB
9/25/2013,244.1,244.36,241.27,241.512,875823,BIIB
9/26/2013,241.94,245.88,241.48,243.05,989240,BIIB
9/27/2013,241.23,245.16,238.47,244.82,1118913,BIIB
9/30/2013,242,244.5,240.29,240.76,925261,BIIB
10/1/2013,242.85,245.75,241.95,244.92,914758,BIIB
10/2/2013,243.9,248.32,243.625,246.23,849303,BIIB
10/3/2013,244.71,245.9799,233.5,233.84,1683012,BIIB
10/4/2013,236.39,241.45,235.4,240.3,1325957,BIIB
10/7/2013,237.47,240.91,235.59,236.59,911428,BIIB
10/8/2013,235.37,237.75,225.11,225.499,1571855,BIIB
10/9/2013,226.96,228.15,221.07,223.85,1429555,BIIB
10/10/2013,228.26,234.85,227.5001,234.17,1185707,BIIB
10/11/2013,233.97,238.65,233.26,234.8,895325,BIIB
10/14/2013,232.65,238.97,231.02,238.84,701806,BIIB
10/15/2013,237.69,239.07,236.19,236.47,766040,BIIB
10/16/2013,236.57,241.88,236.35,241.18,1153514,BIIB
10/17/2013,241.02,247.46,240.05,247.101,932712,BIIB
10/18/2013,246.7,246.86,241.655,244.904,1122399,BIIB
10/21/2013,245.19,246.5,241.52,243.07,776135,BIIB
10/22/2013,244.25,251.96,243.02,250.6,1240277,BIIB
10/23/2013,249.8,251.838,247.43,251.12,994048,BIIB
10/24/2013,251.99,252.99,248.37,249.22,1035031,BIIB
10/25/2013,250.53,252.8265,247.755,252.26,1350886,BIIB
10/28/2013,250.465,262,245.03,254.43,2585694,BIIB
10/29/2013,255.85,256,249.13,254.39,875339,BIIB
10/30/2013,253.72,254.815,246.77,248.95,934530,BIIB
10/31/2013,249.23,251,244.17,244.19,1176113,BIIB
11/1/2013,245.57,248.315,239.61,243.1,1593538,BIIB
11/4/2013,243.79,245.95,239.85,240.07,942173,BIIB
11/5/2013,237.99,244.87,237.99,244.06,995254,BIIB
11/6/2013,245.27,245.98,237.63,238.478,1053625,BIIB
11/7/2013,239.72,242.89,230.53,231.19,1444991,BIIB
11/8/2013,233.12,237.54,230.25,236.69,1095922,BIIB
11/11/2013,236.23,237.43,232.36,234.79,770449,BIIB
11/12/2013,233.5,235.63,231,235.62,991126,BIIB
11/13/2013,233.7,236.43,232.11,236.1,1006274,BIIB
11/14/2013,236.5,240.84,236.5,237.58,680886,BIIB
11/15/2013,237,245.81,236.8,245.09,1579726,BIIB
11/18/2013,244.98,247.4,239.81,241.27,1224246,BIIB
11/19/2013,241.97,248.75,240.68,245.46,1203463,BIIB
11/20/2013,245.67,249.96,243,246.12,1014438,BIIB
11/21/2013,247.3,253.22,245.31,252.43,1399465,BIIB
11/22/2013,278,289.97,274.98,285.616,4701626,BIIB
11/25/2013,286.54,297.98,284.51,295.88,2727961,BIIB
11/26/2013,295.95,297.8,288.58,289.2,1584811,BIIB
11/27/2013,292.8,295.89,288.0101,293.83,940013,BIIB
11/29/2013,290,295.49,290,290.97,514221,BIIB
12/2/2013,291.71,298.82,290.52,294.84,1128494,BIIB
12/3/2013,294.17,294.25,286.56,287.76,1419461,BIIB
12/4/2013,285.9,289.239,282.38,285.82,900225,BIIB
12/5/2013,284.95,288.73,282.12,284.92,1159324,BIIB
12/6/2013,289.55,292.859,283,290.9,1214954,BIIB
12/9/2013,292.99,293.2,284.7,286.18,1190629,BIIB
12/10/2013,286.83,288.8975,281.2847,285.23,937546,BIIB
12/11/2013,284.66,286.02,277.19,278.04,1270230,BIIB
12/12/2013,278.2,283.83,277.219,277.87,993646,BIIB
12/13/2013,278.02,279.41,271.59,275.32,1167492,BIIB
12/16/2013,277.22,283.54,273.21,273.6,1178303,BIIB
12/17/2013,274.55,276.59,270.27,271.51,1253724,BIIB
12/18/2013,272.19,281.25,270.74,280.64,1870622,BIIB
12/19/2013,278.88,280.43,275.17,277.21,956763,BIIB
12/20/2013,278.46,285.54,275.03,283.34,3027642,BIIB
12/23/2013,284.28,285,279.51,281.61,1076910,BIIB
12/24/2013,281.44,282.68,278.36,280.65,463262,BIIB
12/26/2013,280.81,282.216,279.071,281.34,620590,BIIB
12/27/2013,281.81,282.919,276.31,277.17,609633,BIIB
12/30/2013,278.39,280.185,273.77,279.57,605222,BIIB
12/31/2013,279.93,281.485,278.6,279.572,640647,BIIB
1/2/2014,279.44,282.515,276.21,280.33,902226,BIIB
1/3/2014,279.8,280.836,275.48,277.4,655988,BIIB
1/6/2014,278.03,279.36,270.62,274.97,1019108,BIIB
1/7/2014,275.83,277.17,273.45,273.5175,819051,BIIB
1/8/2014,276.64,290.99,274.25,290.01,1436701,BIIB
1/9/2014,292.05,296.9999,288,289.75,1318682,BIIB
1/10/2014,291.57,299.85,286.3,299.31,1868748,BIIB
1/13/2014,299.35,302.95,281.55,283.67,2307053,BIIB
1/14/2014,284.7,300.67,280.31,297.47,1652665,BIIB
1/15/2014,297.48,298.6283,292.32,296.72,1039278,BIIB
1/16/2014,297.27,299.13,291.75,294,1052571,BIIB
1/17/2014,293.6,298.98,293.19,297.48,1413661,BIIB
1/21/2014,300.45,311.2,299.54,310.5,1794708,BIIB
1/22/2014,309.8,315,306.32,310.54,1125832,BIIB
1/23/2014,307.23,315.38,305.48,314.96,1578784,BIIB
1/24/2014,314.78,315.13,303.14,303.6,1943806,BIIB
1/27/2014,303.61,303.855,292.53,297.88,1515382,BIIB
1/28/2014,302.38,306,297.02,305.65,1725184,BIIB
1/29/2014,299.03,318.42,292.82,305.46,2774216,BIIB
1/30/2014,310.72,321.25,310,318.28,1813413,BIIB
1/31/2014,313.08,317.45,311.011,312.64,1313163,BIIB
2/3/2014,314.84,316.99,298.15,300.39,2205491,BIIB
2/4/2014,299.01,310.06,298.15,308.18,2141353,BIIB
2/5/2014,307.39,307.39,294.02,299.93,1888118,BIIB
2/6/2014,301.88,307.35,300.67,301.01,1384814,BIIB
2/7/2014,303.13,316.02,301.38,315.54,1505545,BIIB
2/10/2014,315.54,318.225,311.665,317.96,1249828,BIIB
2/11/2014,314.31,319.9,313,319.82,1564625,BIIB
2/12/2014,319.27,326.34,318.63,323.04,1461268,BIIB
2/13/2014,316.81,329.45,315.0001,328.62,1311440,BIIB
2/14/2014,329.48,331.74,327.1,328.29,1056135,BIIB
2/18/2014,327.9,335.99,326.96,334.98,966935,BIIB
2/19/2014,334.12,335.39,326.65,328.45,826843,BIIB
2/20/2014,330.33,335.88,323.31,335.11,1317168,BIIB
2/21/2014,336.37,349.77,334.47,347.11,1815763,BIIB
2/24/2014,348.15,353.47,345.62,345.63,1668328,BIIB
2/25/2014,346.51,349.54,343.11,346.3,1353961,BIIB
2/26/2014,342.17,353,337.31,343.21,1192367,BIIB
2/27/2014,342.5,348.39,340.77,343.86,1149804,BIIB
2/28/2014,346.16,349.95,335.02,340.68,1862125,BIIB
3/3/2014,340.68,342.36,331.22,338.38,1340351,BIIB
3/4/2014,343.53,346.74,341.1,343.15,1109448,BIIB
3/5/2014,345.23,346.295,338.86,339,1003264,BIIB
3/6/2014,346.86,353,334.01,340.69,2233579,BIIB
3/7/2014,341.79,342.8499,323.72,328.75,2785693,BIIB
3/10/2014,327.65,338.6,327.0075,338,1471460,BIIB
3/11/2014,338.25,341.26,334.19,335.99,1025667,BIIB
3/12/2014,333.05,340.375,332.28,339.55,879316,BIIB
3/13/2014,341.04,342.59,329.03,332.05,1064992,BIIB
3/14/2014,333.4,340,329.228,332.49,1337136,BIIB
3/17/2014,334.83,349,334.3201,345.6,1562525,BIIB
3/18/2014,346.8,354.07,345.7,351.94,1519076,BIIB
3/19/2014,352.49,358.89,347,350.01,1341947,BIIB
3/20/2014,348.27,353.2,344.721,347.04,1369100,BIIB
3/21/2014,355,355,313.08,318.53,5749873,BIIB
3/24/2014,320.2,322,300.32,312.6,3748058,BIIB
3/25/2014,316,321.14,304,311.78,2148596,BIIB
3/26/2014,313.08,317.28,305.93,305.93,1976099,BIIB
3/27/2014,306.64,312.9,296.65,309.76,2022085,BIIB
3/28/2014,305.01,314.19,292.67,294.12,2555334,BIIB
3/31/2014,296.11,306.94,296.11,305.87,1952544,BIIB
4/1/2014,308.42,316.34,305.31,309.79,1714903,BIIB
4/2/2014,311.64,317,306.5,309.7,1483689,BIIB
4/3/2014,307.99,308.99,296.23,301.86,2008112,BIIB
4/4/2014,303.71,305.479,286.3,288.2699,3290060,BIIB
4/7/2014,286.36,297.76,281.59,294.19,2427578,BIIB
4/8/2014,295.48,295.96,284.32,285.92,2502877,BIIB
4/9/2014,288.02,301.4499,285.92,300.68,1988978,BIIB
4/10/2014,300.1,300.91,284.57,287.35,2636183,BIIB
4/11/2014,284.89,292.8,273.73,274,2742872,BIIB
4/14/2014,277.91,285.99,274,279.52,1880456,BIIB
4/15/2014,280.55,288.84,272.02,285.49,1871561,BIIB
4/16/2014,290.28,294,284.07,291.48,1768211,BIIB
4/17/2014,291,296,289.76,290.54,1283744,BIIB
4/21/2014,290.6,298.57,290.2,297.98,984492,BIIB
4/22/2014,300.5,309.17,300,306.2,1778010,BIIB
4/23/2014,309,311.1,295.49,306.75,2598030,BIIB
4/24/2014,307,308.72,286.48,294.84,2385364,BIIB
4/25/2014,293.04,296.74,285.58,285.81,1727651,BIIB
4/28/2014,289.16,292.42,275.3925,283.12,1802432,BIIB
4/29/2014,285.35,294.36,281.995,290.84,1634637,BIIB
4/30/2014,285,291.56,281.32,287.12,1452074,BIIB
5/1/2014,287.11,291.99,283.3,286.75,1312842,BIIB
5/2/2014,290.52,290.61,280.01,282.01,1284761,BIIB
5/5/2014,280.61,291.31,279,290.06,1177850,BIIB
5/6/2014,287.77,291.09,285.52,285.94,1236926,BIIB
5/7/2014,286.26,288.25,278.1,284,1379618,BIIB
5/8/2014,286,291.28,281.82,282.96,1230205,BIIB
5/9/2014,282.75,286.99,278.59,286.65,1084327,BIIB
5/12/2014,289.78,301,288.01,300.54,1683471,BIIB
5/13/2014,300.03,300.95,295.55,295.85,988792,BIIB
5/14/2014,294.87,301.21,293.3301,296.5,1030706,BIIB
5/15/2014,295.63,297.972,286,289.53,1311054,BIIB
5/16/2014,288.49,292.5535,285.01,291.32,1148136,BIIB
5/19/2014,289.15,293.41,287.56,290.75,772802,BIIB
5/20/2014,292.23,293.81,288.43,289.79,1089013,BIIB
5/21/2014,290.12,296.759,290.12,295.355,979052,BIIB
5/22/2014,293.57,303.17,292.58,299.69,1092439,BIIB
5/23/2014,301.97,302.73,295.51,299.71,883242,BIIB
5/27/2014,303.24,310.05,299.5001,309.77,1311700,BIIB
5/28/2014,311.02,315.42,308.04,308.81,1160771,BIIB
5/29/2014,314.86,319.94,314.5425,319.85,1769555,BIIB
5/30/2014,320.8,322.25,317.93,319.37,1296060,BIIB
6/2/2014,318.93,320.03,310.61,318.22,754739,BIIB
6/3/2014,316.37,318.87,313.77,316.86,786272,BIIB
6/4/2014,315.87,320,314.01,319.18,740629,BIIB
6/5/2014,320.17,321.2,315.82,320.13,1119505,BIIB
6/6/2014,321.96,322.046,314.2933,317.55,873255,BIIB
6/9/2014,320,321.48,316.08,318.16,775186,BIIB
6/10/2014,316.2,319.84,312.61,315.44,1016956,BIIB
6/11/2014,314.04,314.99,308,310.72,909718,BIIB
6/12/2014,310.72,314.07,308.1,309.78,802795,BIIB
6/13/2014,310.5,311.38,306.4,309.98,773230,BIIB
6/16/2014,309.6,312.95,306.76,307.97,890706,BIIB
6/17/2014,306.99,307.465,302.01,304.79,862056,BIIB
6/18/2014,305.51,310.36,304.615,309.81,1068318,BIIB
6/19/2014,310.67,313.53,308.45,311.98,1034525,BIIB
6/20/2014,313.85,319.89,312.5,319.59,2091730,BIIB
6/23/2014,318.01,321.8857,312.87,313.46,890873,BIIB
6/24/2014,313.59,319.26,312.66,314.23,1106765,BIIB
6/25/2014,313.09,318,312.58,314.76,1051742,BIIB
6/26/2014,315.68,319.88,312.87,318.63,1027515,BIIB
6/27/2014,318.57,320.99,315.671,318.13,969387,BIIB
6/30/2014,317.16,319.62,315.01,315.31,938257,BIIB
7/1/2014,317.03,326.23,315.24,324.74,1182380,BIIB
7/2/2014,325.25,332.7799,324.01,331,1186001,BIIB
7/3/2014,330.8,332.93,328.23,331.15,700640,BIIB
7/7/2014,329.4,332.97,324,325.68,803791,BIIB
7/8/2014,324,324.6,316.91,317.59,1238281,BIIB
7/9/2014,322.62,322.8744,313.612,320.14,1030015,BIIB
7/10/2014,317.1,321.4105,315,319.12,825274,BIIB
7/11/2014,320,323.4399,316.04,322.22,946921,BIIB
7/14/2014,325.12,325.12,319.06,319.75,879937,BIIB
7/15/2014,320.76,321.81,311.92,312,1394109,BIIB
7/16/2014,313.83,313.83,302.55,303.74,1805400,BIIB
7/17/2014,301.85,307.99,298.31,299.29,1653248,BIIB
7/18/2014,301.12,305.82,298.64,304.1,1551679,BIIB
7/21/2014,303.04,304.2418,300.4,302.5,1027810,BIIB
7/22/2014,305.18,308.68,302.94,303.67,1200258,BIIB
7/23/2014,335,343.586,331,337.6,4143123,BIIB
7/24/2014,337.6,339.83,335.22,336.79,1599871,BIIB
7/25/2014,334.78,337.5,332.765,335.45,1068622,BIIB
7/28/2014,334.68,338.34,332.1,336.39,995641,BIIB
7/29/2014,337,344.069,335.7,341.73,1286026,BIIB
7/30/2014,344.45,349,343.02,344.52,1303257,BIIB
7/31/2014,342.72,342.8599,333.345,334.39,1168973,BIIB
8/1/2014,332.93,337.82,325.85,329.83,1319275,BIIB
8/4/2014,330.08,330.94,325.76,326.55,989313,BIIB
8/5/2014,325.58,328.55,322.1401,325.23,1144601,BIIB
8/6/2014,324.06,328.49,322,325.199,940576,BIIB
8/7/2014,326,327.355,319.8,320.6,872695,BIIB
8/8/2014,320.88,326.4,319.32,324.05,1197040,BIIB
8/11/2014,327.3,327.44,319.073,320.34,983040,BIIB
8/12/2014,319.96,325.64,317,324.96,1045605,BIIB
8/13/2014,325.51,335.39,324.13,334.64,1448053,BIIB
8/14/2014,335.05,338.51,333.66,337.01,1319175,BIIB
8/15/2014,339.25,343.03,330.6959,342.47,1724429,BIIB
8/18/2014,347.59,348.4,342.09,344.6,1223574,BIIB
8/19/2014,344.82,348.49,343.29,345.84,815746,BIIB
8/20/2014,343.68,345.46,340.67,342.58,700054,BIIB
8/21/2014,342.73,344.4199,337.19,338.65,663651,BIIB
8/22/2014,339.84,341.898,337,339.97,677368,BIIB
8/25/2014,342.54,345.75,341.0801,342.7,719351,BIIB
8/26/2014,343.39,343.6,340.01,342.99,837271,BIIB
8/27/2014,343.46,343.76,338.54,343.36,972051,BIIB
8/28/2014,341.14,343.83,339.52,341.24,644897,BIIB
8/29/2014,343.63,343.63,339.18,343.04,700097,BIIB
9/2/2014,345.47,347.7892,340.6,342.68,715592,BIIB
9/3/2014,343.37,345.81,342.17,344.12,736909,BIIB
9/4/2014,344.37,344.44,333.78,334.83,830178,BIIB
9/5/2014,335.04,335.75,321,330.48,1911854,BIIB
9/8/2014,329.28,331.85,326.74,331.31,927175,BIIB
9/9/2014,330.74,330.74,326.03,326.83,842133,BIIB
9/10/2014,325.99,333,325.99,332.08,811110,BIIB
9/11/2014,330.41,332.81,324.74,327.11,925506,BIIB
9/12/2014,327.31,328.16,321.1107,323.39,802697,BIIB
9/15/2014,323.4,323.97,315.71,320.12,1064013,BIIB
9/16/2014,319.42,328.75,318.69,326.88,999124,BIIB
9/17/2014,328.42,330.98,322.69,327.58,1088557,BIIB
9/18/2014,328.86,330.3,325.36,329.99,637122,BIIB
9/19/2014,329.51,334.82,327.49,329.24,1742641,BIIB
9/22/2014,327.36,330.34,325.01,329.76,1028473,BIIB
9/23/2014,328.51,334.95,327.68,332.24,1039658,BIIB
9/24/2014,333.4,347.75,333.114,346.3,1582574,BIIB
9/25/2014,344.05,345.6499,333.06,333.4,1559997,BIIB
9/26/2014,333.87,334.79,328.68,333.54,1075576,BIIB
9/29/2014,329.7,333.5,326.85,330.16,802249,BIIB
9/30/2014,330.23,332.4,327.08,330.81,1055403,BIIB
10/1/2014,330.97,331.15,321.98,323.5,988662,BIIB
10/2/2014,322.6,324.45,317.53,319.84,1116330,BIIB
10/3/2014,323.33,331.01,321.63,327.09,1306511,BIIB
10/6/2014,331.05,331.05,324.01,325.07,723890,BIIB
10/7/2014,325,325,315.82,315.92,1053427,BIIB
10/8/2014,315.66,325.78,312,324.59,1275458,BIIB
10/9/2014,323.35,325.34,317.74,319.19,1143201,BIIB
10/10/2014,318.4,324.42,315.08,315.14,1468214,BIIB
10/13/2014,314.79,315.75,300.99,301.74,2302659,BIIB
10/14/2014,308.36,310.4,296.06,301.58,1759350,BIIB
10/15/2014,297.29,311.2,295.27,305.69,2211368,BIIB
10/16/2014,299.91,309,296.55,302.74,1384361,BIIB
10/17/2014,305.36,313.72,304.75,306.71,1782231,BIIB
10/20/2014,305.24,321.48,305.24,311.41,1513757,BIIB
10/21/2014,320.97,326.9,316.03,326.77,1854423,BIIB
10/22/2014,300,314.95,290.85,309.07,7071216,BIIB
10/23/2014,314,319.35,311,316.06,2127870,BIIB
10/24/2014,315.72,322,315.3,321.67,1263000,BIIB
10/27/2014,321.89,323.12,317.001,319.98,1114800,BIIB
10/28/2014,321.21,321.22,314.9,318.03,1642763,BIIB
10/29/2014,317.94,320.99,312.56,315.06,1509066,BIIB
10/30/2014,315.09,323.72,313.91,321,1084443,BIIB
10/31/2014,330,330.5,318.66,321.08,1699618,BIIB
11/3/2014,320.78,323.2,319.6601,321.25,1196521,BIIB
11/4/2014,319.9,323.88,319.03,322.06,1130652,BIIB
11/5/2014,324.57,324.86,318.5,319.55,1016075,BIIB
11/6/2014,320.86,324.3,320.27,323.47,1376980,BIIB
11/7/2014,324.66,325,319.62,320.75,1102793,BIIB
11/10/2014,320.19,327.9,319,327.87,1220524,BIIB
11/11/2014,327.71,330.37,322.65,324.59,847472,BIIB
11/12/2014,323.8,323.8,319.55,321.02,756955,BIIB
11/13/2014,322.25,322.25,314.3348,317.98,1126189,BIIB
11/14/2014,317.96,318.02,300.35,305.43,2557338,BIIB
11/17/2014,305,308.65,301.86,302.42,1390188,BIIB
11/18/2014,305.68,306.98,303.02,305.56,1643244,BIIB
11/19/2014,304.6,305.5,302.1,303.61,1956845,BIIB
11/20/2014,300.1,303.98,297.83,299.1,1772390,BIIB
11/21/2014,305.28,305.28,301.32,303.55,1828008,BIIB
11/24/2014,305.61,308.84,304.78,306.74,1388201,BIIB
11/25/2014,307,307.64,302.45,305.4,1947198,BIIB
11/26/2014,305,305.83,301.39,304.92,1085880,BIIB
11/28/2014,307.58,310.205,305.97,307.69,849119,BIIB
12/1/2014,306.43,310.4746,306.11,308.44,1146082,BIIB
12/2/2014,335.65,336.65,323.41,328.27,6209536,BIIB
12/3/2014,328.52,347.74,328.52,347.34,4673971,BIIB
12/4/2014,345.88,350.8943,337.54,341.18,2538444,BIIB
12/5/2014,341.99,345.9265,339.71,340.87,1460327,BIIB
12/8/2014,341.95,347.28,340.9,344.05,1396531,BIIB
12/9/2014,340.4,348.06,337.57,347.61,1297626,BIIB
12/10/2014,346.85,349.88,342.62,343.59,1454527,BIIB
12/11/2014,344.87,351.38,341.86,342.33,1471758,BIIB
12/12/2014,339.23,349.98,338.5,344.49,1563786,BIIB
12/15/2014,346.5,346.65,333.12,335.8,1404531,BIIB
12/16/2014,333.38,339.83,324.69,325.13,1836334,BIIB
12/17/2014,326.5,333.73,322.35,332.89,1652746,BIIB
12/18/2014,339.36,353.7,337.71,353.7,2401811,BIIB
12/19/2014,343.28,361.93,343.06,360.67,3691331,BIIB
12/22/2014,352,356.65,345.2301,352.29,2170443,BIIB
12/23/2014,353.56,353.79,328.68,335.76,2635166,BIIB
12/24/2014,335.53,343.62,334.98,340.885,966287,BIIB
12/26/2014,342.92,345.55,338.02,342.4,1138728,BIIB
12/29/2014,341.93,345.99,339.29,343.43,1236493,BIIB
12/30/2014,341.51,345.01,339.4256,342.19,933537,BIIB
12/31/2014,343.92,348.5,339.33,339.45,868309,BIIB
1/2/2015,342.84,346.99,340.33,342.01,976701,BIIB
1/5/2015,339.27,342,335.13,336.74,1253151,BIIB
1/6/2015,339.98,346.64,334.4,334.65,1898150,BIIB
1/7/2015,338.09,354,338.045,353.24,2484299,BIIB
1/8/2015,359.42,360,341.7105,350.25,4286905,BIIB
1/9/2015,349.78,352.08,338.24,342.34,2562144,BIIB
1/12/2015,345.5,350,343.71,347.84,1899187,BIIB
1/13/2015,352.81,361.91,348.35,352.74,2489440,BIIB
1/14/2015,348,355.61,347.52,348.75,1429918,BIIB
1/15/2015,350.04,354.55,339.662,339.88,1667792,BIIB
1/16/2015,339.37,353.44,339.3501,352.75,1672977,BIIB
1/20/2015,354.5,365.19,350.64,363.28,2076362,BIIB
1/21/2015,361.41,366.17,358.22,361.825,1336963,BIIB
1/22/2015,364,364,349.49,353.65,2322866,BIIB
1/23/2015,352.98,359.87,352.03,357.53,1077661,BIIB
1/26/2015,357.63,362.84,355.45,362.44,1330585,BIIB
1/27/2015,358.28,364.76,357.13,357.89,1446335,BIIB
1/28/2015,360.29,361.38,350.5,351.18,1485977,BIIB
1/29/2015,351.53,354.6057,345.76,353.25,1707791,BIIB
1/30/2015,372.75,397,372.75,389.16,4029832,BIIB
2/2/2015,389.03,394.98,382,390,1832685,BIIB
2/3/2015,390.73,395.5,386.34,393.89,1781484,BIIB
2/4/2015,388.6,394.48,381.36,391.12,2166026,BIIB
2/5/2015,393.7,402.4,390.11,401.79,1576240,BIIB
2/6/2015,400.3,407.94,399,402,1640453,BIIB
2/9/2015,398.05,402.8399,396.464,396.88,1440778,BIIB
2/10/2015,398.05,400.864,394.06,395.13,1811638,BIIB
2/11/2015,394.86,396.86,388.53,390,1766321,BIIB
2/12/2015,394.69,395,386.14,392.11,1755141,BIIB
2/13/2015,391.68,394.39,387.24,391.66,1180115,BIIB
2/17/2015,389.11,402.29,388.67,397.91,1321114,BIIB
2/18/2015,396.83,401.87,396.52,401.12,782821,BIIB
2/19/2015,401.04,408.24,400.56,406.73,1144305,BIIB
2/20/2015,406.4,409.03,403.36,408.05,945924,BIIB
2/23/2015,408.25,411.32,406.23,408.58,955238,BIIB
2/24/2015,410.25,410.74,402.83,404.89,854226,BIIB
2/25/2015,405.32,412.02,400.57,408.94,1114813,BIIB
2/26/2015,408.82,411.77,406.065,410.1,863782,BIIB
2/27/2015,410.23,411.31,405.8,409.59,1371021,BIIB
3/2/2015,410.67,416.82,406.4,415.79,1347278,BIIB
3/3/2015,415,415.17,407.12,412.79,1236017,BIIB
3/4/2015,410.95,417.18,406.1,414.13,1524051,BIIB
3/5/2015,417.42,425.7,417.09,425.61,1847295,BIIB
3/6/2015,424.23,424.23,416.24,417.63,1643719,BIIB
3/9/2015,417.23,417.65,411.6,415.51,1516214,BIIB
3/10/2015,409.67,420.44,409.61,414.2,1400677,BIIB
3/11/2015,415.31,416.24,407.51,408.11,1426806,BIIB
3/12/2015,411.49,411.49,406.02,407.64,1553494,BIIB
3/13/2015,407.09,416.6999,407.09,413.35,1745275,BIIB
3/16/2015,415.46,422.3663,414.2201,421.32,1564535,BIIB
3/17/2015,420.1,426.48,417.5,426.12,1968927,BIIB
3/18/2015,425,431,417.05,427.93,2030270,BIIB
3/19/2015,434.795,439.9,431.33,433.65,2471896,BIIB
3/20/2015,475.92,480.18,456.06,475.98,10643242,BIIB
3/23/2015,466.07,474,460.5,463.73,3712598,BIIB
3/24/2015,462.99,467.64,452.01,452.71,2481382,BIIB
3/25/2015,449.06,450.25,431.39,431.63,3743694,BIIB
3/26/2015,427.8,432.88,420.41,428.93,3354325,BIIB
3/27/2015,430.12,436.67,429.36,429.87,1859181,BIIB
3/30/2015,433.68,437,428.6,431.62,1600075,BIIB
3/31/2015,430.16,433.98,422.1,422.24,1808665,BIIB
4/1/2015,423.2,423.47,407.55,413.81,2711733,BIIB
4/2/2015,415.4,416.48,410.64,412.44,1701777,BIIB
4/6/2015,408.75,420.09,408.21,413.42,1873805,BIIB
4/7/2015,415.5,425.37,415.125,418.09,1571945,BIIB
4/8/2015,419.3,427.505,418.1,425.36,1540055,BIIB
4/9/2015,424.6,431.78,419.48,426.63,1341609,BIIB
4/10/2015,426.16,428.83,420.5,425.65,1063127,BIIB
4/13/2015,426.7,432.47,422.52,423.36,1263254,BIIB
4/14/2015,423.99,426.48,417.71,423.57,1365123,BIIB
4/15/2015,430.76,432.74,424.57,430.96,2038080,BIIB
4/16/2015,428.14,432.88,428,428.65,1109018,BIIB
4/17/2015,424,426.99,416.84,419.44,1837610,BIIB
4/20/2015,424.66,424.77,419,422.92,1183283,BIIB
4/21/2015,425.19,426.17,420.17,422.11,1224628,BIIB
4/22/2015,423.88,425.96,418.55,423.57,1298164,BIIB
4/23/2015,423,431.8408,421,430.28,1938171,BIIB
4/24/2015,410,410.87,395,401.71,6084406,BIIB
4/27/2015,401.75,403.45,388.08,389.27,3431994,BIIB
4/28/2015,388.8,391.87,374.36,374.68,4923876,BIIB
4/29/2015,377.97,388.45,376,383.78,3255638,BIIB
4/30/2015,380.89,383.83,368.88,373.93,2685872,BIIB
5/1/2015,377.52,388.14,377.52,386.22,2738394,BIIB
5/4/2015,389.45,393.8925,384.75,386.22,1457011,BIIB
5/5/2015,385,388.445,381,385.8,1594816,BIIB
5/6/2015,387.25,389.99,380.41,383.56,1279740,BIIB
5/7/2015,384,388.0699,380.61,383.29,1298083,BIIB
5/8/2015,390.88,399.5,390.0295,398.43,2037778,BIIB
5/11/2015,403.2,404,395,396.91,1575058,BIIB
5/12/2015,393.2,397.78,389.0001,395.3,1142526,BIIB
5/13/2015,396,398.38,388.72,390.04,1170296,BIIB
5/14/2015,392.98,395.11,387.365,394.35,1613094,BIIB
5/15/2015,395,398.19,389.076,391.24,1443126,BIIB
5/18/2015,389.38,396.405,389.22,395.42,996354,BIIB
5/19/2015,396.01,400.11,393.96,395.17,1346962,BIIB
5/20/2015,394.5,403.48,391.61,401,1478546,BIIB
5/21/2015,400.24,401.65,397.97,401.15,858982,BIIB
5/22/2015,399.19,401.7899,397.4,398.68,829840,BIIB
5/26/2015,397.17,399.9279,391.6196,392.88,899787,BIIB
5/27/2015,393.81,403.22,391.52,402.92,1117038,BIIB
5/28/2015,402.3,403.85,399.1,400.1,789137,BIIB
5/29/2015,400.09,401.89,395.64,396.99,1303117,BIIB
6/1/2015,398.87,399.58,391,393.35,1193635,BIIB
6/2/2015,391.36,391.755,384,387.62,1947063,BIIB
6/3/2015,388.77,393.79,387.33,387.48,1281539,BIIB
6/4/2015,385.5,387.5395,382.54,384.34,1527580,BIIB
6/5/2015,382.88,389.75,381.57,387.86,998812,BIIB
6/8/2015,387.66,389.39,384.673,386.37,776984,BIIB
6/9/2015,384.27,385.88,378.82,382,1260764,BIIB
6/10/2015,382.97,390.06,378,388.5,1573278,BIIB
6/11/2015,390.6,395.15,390.16,393.54,1323308,BIIB
6/12/2015,391.26,395.8,386.25,388.77,1078418,BIIB
6/15/2015,386.64,390.43,382.02,388.28,1048502,BIIB
6/16/2015,386.59,390.9899,385.455,388.28,930941,BIIB
6/17/2015,389.35,391.9,386.31,390.86,920924,BIIB
6/18/2015,393.47,404.9,393.4,401.55,1677369,BIIB
6/19/2015,406.61,414,406.61,411.05,2951884,BIIB
6/22/2015,415,420,414.785,417.57,1185778,BIIB
6/23/2015,419.65,420.99,414.0391,416.26,1081740,BIIB
6/24/2015,415.43,415.99,410.27,410.65,990646,BIIB
6/25/2015,412.92,417.68,410.06,411.29,902791,BIIB
6/26/2015,412.24,413.6999,405.79,408.73,958701,BIIB
6/29/2015,404.5,407.86,395.9,396.21,1474127,BIIB
6/30/2015,403.55,405,396.66,403.94,1582231,BIIB
7/1/2015,408.32,409.98,404.375,405.41,992529,BIIB
7/2/2015,407.29,407.98,403.15,404.28,929142,BIIB
7/6/2015,399.86,412,399.51,404.63,1189697,BIIB
7/7/2015,405.25,409.9099,400.33,408.06,1488886,BIIB
7/8/2015,405,406.23,396.73,397.68,1312892,BIIB
7/9/2015,403.56,404.36,399.29,399.29,1325282,BIIB
7/10/2015,401,401.44,381.86,388.23,3887459,BIIB
7/13/2015,391.21,395.79,388.64,391.23,1517929,BIIB
7/14/2015,396.95,403.21,393.715,400.2,1507198,BIIB
7/15/2015,404.59,407.83,399.53,400.55,1471755,BIIB
7/16/2015,402.72,407.31,402.05,403.73,1335511,BIIB
7/17/2015,406.37,407.13,401.75,404.66,1890273,BIIB
7/20/2015,407.53,409.4,403.01,408.93,1816591,BIIB
7/21/2015,410.35,412.24,405.51,409.5,1768739,BIIB
7/22/2015,393.65,401.11,389.61,391.74,4053512,BIIB
7/23/2015,394.17,396.23,384.51,385.05,2602459,BIIB
7/24/2015,327,327,299.76,300.03,16634140,BIIB
7/27/2015,305.4,325,303.76,309.43,9975021,BIIB
7/28/2015,312.52,320.51,308.68,319.93,3547037,BIIB
7/29/2015,321.92,323,309.15,313.34,3278003,BIIB
7/30/2015,312.54,319.42,310.52,317,2303854,BIIB
7/31/2015,319.57,322.35,312.7,318.78,2261458,BIIB
8/3/2015,320.33,325.805,319.11,324.38,3024846,BIIB
8/4/2015,325.88,334.8,324.52,330.38,3586242,BIIB
8/5/2015,333,338.51,332.81,335.41,2308025,BIIB
8/6/2015,336.67,337.5,315.3,316.6,3829962,BIIB
8/7/2015,316,316.19,305.66,309,4259045,BIIB
8/10/2015,312.2,317.25,312,314.94,2452902,BIIB
8/11/2015,312.56,319.12,311.72,314.85,1851604,BIIB
8/12/2015,312.3,317.86,307.5,316.73,1964264,BIIB
8/13/2015,316.97,319.48,313.75,313.91,1316320,BIIB
8/14/2015,314.22,316.265,309.14,312.61,2006873,BIIB
8/17/2015,313.49,317.66,311.02,316.08,1607216,BIIB
8/18/2015,316.8,317.1528,310.6,312.13,1213423,BIIB
8/19/2015,311.99,319.35,310.5,315.82,1832351,BIIB
8/20/2015,314.78,316.905,309.21,309.9,1913245,BIIB
8/21/2015,305.71,312.65,295.46,295.64,3659423,BIIB
8/24/2015,269.05,295.15,265,278.35,5879878,BIIB
8/25/2015,292.64,298,281.5,281.745,3744224,BIIB
8/26/2015,290.1,298.61,283.44,298.25,3133927,BIIB
8/27/2015,301.37,308.5,299.36,304.49,2498606,BIIB
8/28/2015,301,306.4521,299.76,303.69,2059085,BIIB
8/31/2015,302.16,304.51,296.47,297.3,1642381,BIIB
9/1/2015,292.22,301.98,291.26,292.5,2498495,BIIB
9/2/2015,298.48,304.43,293.61,304.21,2271640,BIIB
9/3/2015,306.47,309.72,300.84,301.63,1787811,BIIB
9/4/2015,297.72,304.14,295.03,302.26,1696618,BIIB
9/8/2015,306.91,309.22,302.55,308.74,1840920,BIIB
9/9/2015,313.55,317.825,302.47,303.48,1623542,BIIB
9/10/2015,302.91,315.775,302.1076,312.62,2189641,BIIB
9/11/2015,310.67,315.5,307.21,315.37,1928844,BIIB
9/14/2015,316.89,318.2,311.94,316.23,1812764,BIIB
9/15/2015,316.41,321.65,313.29,319.86,2060441,BIIB
9/16/2015,319.05,322.41,315.08,319.56,1984884,BIIB
9/17/2015,321.19,330.54,318.38,325.3,2589181,BIIB
9/18/2015,321.06,324.1,313,314.67,4618814,BIIB
9/21/2015,315.29,315.43,294.62,297.16,4161886,BIIB
9/22/2015,292.52,300,289,299.06,4391710,BIIB
9/23/2015,299.27,303.79,296.3,298.34,1642943,BIIB
9/24/2015,295.58,298.1466,287.12,293.01,2663070,BIIB
9/25/2015,298.78,298.78,280.32,284.79,3366113,BIIB
9/28/2015,282.54,284,267,272.28,4908171,BIIB
9/29/2015,270.6,288.569,270.6,278.23,3819690,BIIB
9/30/2015,283.98,292,283.06,291.81,2935561,BIIB
10/1/2015,291.99,292.8899,282.45,287.3,2871881,BIIB
10/2/2015,283.38,290.75,280.72,290.35,2981971,BIIB
10/5/2015,291.43,292.48,282.76,286.55,2703044,BIIB
10/6/2015,282.41,282.98,269,275.99,4313721,BIIB
10/7/2015,279.86,284.615,274.01,279.24,3469855,BIIB
10/8/2015,278.33,281.5,272.28,279.88,2558918,BIIB
10/9/2015,279.63,280,267.27,269.16,4047227,BIIB
10/12/2015,270.92,270.92,263.51,264.67,3686843,BIIB
10/13/2015,262,270.82,254.78,256.04,4302890,BIIB
10/14/2015,260.44,262.8448,254.4,256.79,3961370,BIIB
10/15/2015,256.31,268.53,254,268.41,2750293,BIIB
10/16/2015,270.18,272.99,267,272.37,2849338,BIIB
10/19/2015,270.87,276.5,268.04,273.02,2940026,BIIB
10/20/2015,273.06,277.29,264.58,265.81,3539816,BIIB
10/21/2015,285,291.01,262.45,276.34,8416934,BIIB
10/22/2015,276.33,283.48,270.07,276.83,4522745,BIIB
10/23/2015,279,280.88,270.7031,276.99,3866446,BIIB
10/26/2015,279.82,282.15,273.37,274.6,3149224,BIIB
10/27/2015,276,291.77,275.114,290.63,3722592,BIIB
10/28/2015,291.95,294.06,285.5,293.69,3306720,BIIB
10/29/2015,294.3,299.41,290.77,293.72,3612027,BIIB
10/30/2015,294,295.04,290,290.51,5209093,BIIB
11/2/2015,294.52,303.31,293.33,303.08,2785781,BIIB
11/3/2015,302.05,304.37,298.24,299.14,2102417,BIIB
11/4/2015,299.84,302.39,293.05,296.57,2437712,BIIB
11/5/2015,294.15,295.0057,288.5,293.03,2259889,BIIB
11/6/2015,293.09,296.1,287.73,295.35,2450102,BIIB
11/9/2015,294,298,291.76,293.4,1787218,BIIB
11/10/2015,294.36,298.98,291.23,297.22,1801031,BIIB
11/11/2015,297.94,303.3,293.79,293.89,2085547,BIIB
11/12/2015,292.5,297.28,290.91,291.33,1457184,BIIB
11/13/2015,290.18,293.285,283.83,284.84,1926788,BIIB
11/16/2015,285.93,286.75,278.28,283.53,1960074,BIIB
11/17/2015,284.2,285.77,278.55,279.49,2348510,BIIB
11/18/2015,280.65,292.68,279.31,291.98,2253239,BIIB
11/19/2015,292,292.5,286.53,289.44,1625050,BIIB
11/20/2015,291.85,292.43,289.91,290.16,1723798,BIIB
11/23/2015,290.4,297.88,290.26,294.25,1392403,BIIB
11/24/2015,290.96,292.61,288.01,289.15,1325436,BIIB
11/25/2015,290,292.86,289.29,292.3,1140055,BIIB
11/27/2015,292.97,294.1,290.78,293.21,465774,BIIB
11/30/2015,293.16,294.26,285.1,286.86,1679305,BIIB
12/1/2015,289.3,290.59,285.8,290.04,1684282,BIIB
12/2/2015,289.14,290.39,284.58,284.96,1369003,BIIB
12/3/2015,284.22,285.5799,274.23,275.44,1902741,BIIB
12/4/2015,277,284.75,276.125,284.45,1917051,BIIB
12/7/2015,283.31,284.98,279.7,281.63,1739693,BIIB
12/8/2015,279.89,289.76,278,288.46,1751954,BIIB
12/9/2015,286.21,290.09,283.02,284.61,1525367,BIIB
12/10/2015,285.36,291.22,284.68,289.88,1422778,BIIB
12/11/2015,285.54,288.59,282.23,283.46,2029926,BIIB
12/14/2015,283.77,285,276.43,282.39,1654957,BIIB
12/15/2015,285.01,291.69,282.56,289.11,1624303,BIIB
12/16/2015,292.23,299.68,290,299.29,2104190,BIIB
12/17/2015,299.04,300.87,296.375,297.17,1705316,BIIB
12/18/2015,294.8,299.8222,293.05,293.37,2790223,BIIB
12/21/2015,294.84,297.86,293.5,297.56,1137559,BIIB
12/22/2015,298,301.84,296.35,300.77,1215815,BIIB
12/23/2015,303.79,303.79,299.16,300.19,986521,BIIB
12/24/2015,300.29,303.87,299.5,302.29,540042,BIIB
12/28/2015,302.03,304.98,301.5,303.84,848355,BIIB
12/29/2015,304.99,311.65,304.77,309.67,1223257,BIIB
12/30/2015,309.98,310.29,307,308.34,802451,BIIB
12/31/2015,306.1,309.33,306.1,306.35,1063813,BIIB
1/4/2016,300.34,301.025,291.4,294.62,2451141,BIIB
1/5/2016,295.38,298.64,293.56,296.7,1263926,BIIB
1/6/2016,292.6,296.58,291.01,293.68,1540205,BIIB
1/7/2016,286.52,289.99,283.03,284.01,1844924,BIIB
1/8/2016,284.65,288.11,280,280.59,1808881,BIIB
1/11/2016,280.59,283.95,271.66,278.54,2109571,BIIB
1/12/2016,281.18,285.56,271,278.67,1833879,BIIB
1/13/2016,279.42,281.99,267,267.25,2108384,BIIB
1/14/2016,268.57,283.3,265.37,280.57,2414322,BIIB
1/15/2016,271.01,279.89,269.25,273.33,2579877,BIIB
1/19/2016,276.98,276.99,264.72,269.85,2209644,BIIB
1/20/2016,263.25,272.78,257.66,269.35,2368262,BIIB
1/21/2016,269.67,271.05,261.02,262.08,2530991,BIIB
1/22/2016,266.36,269.48,264.62,268.92,2111804,BIIB
1/25/2016,269.46,271.2099,261.3,262.1,1792368,BIIB
1/26/2016,262.76,264.48,257.78,259.87,2108156,BIIB
1/27/2016,275.05,285.28,270.34,273.26,5159614,BIIB
1/28/2016,275.77,276.97,261.7,265.96,3056490,BIIB
1/29/2016,268.42,273.9,265.7,273.06,3080416,BIIB
2/1/2016,270.34,275.83,269.5825,273.45,1852008,BIIB
2/2/2016,267.74,271.2,265.16,266.06,1929816,BIIB
2/3/2016,267.58,270.74,261,270.43,2086401,BIIB
2/4/2016,270.16,279.375,269.11,273.27,2073406,BIIB
2/5/2016,271.1,272.67,258.46,263.86,2856944,BIIB
2/8/2016,260.45,260.45,248.16,250.77,2758161,BIIB
2/9/2016,246.54,255,243.85,249.99,2386904,BIIB
2/10/2016,253.35,257.37,249.28,252.2,1763503,BIIB
2/11/2016,246.31,250.015,243.03,245.11,2171180,BIIB
2/12/2016,248.78,249.2,242.07,247.22,2119511,BIIB
2/16/2016,249,257.42,249,256.52,2084238,BIIB
2/17/2016,256.29,265.86,256.08,265.63,1921449,BIIB
2/18/2016,266.6,266.96,258.51,259.05,1536157,BIIB
2/19/2016,257.36,263,255.12,261.4,1450147,BIIB
2/22/2016,265.26,266,261.34,265.83,1218089,BIIB
2/23/2016,264.81,265.86,257.9,258.99,1539215,BIIB
2/24/2016,256.35,257.684,249.01,257.22,1433723,BIIB
2/25/2016,261.9,262.84,259.16,262.35,1520232,BIIB
2/26/2016,264.06,266.47,260.876,264.49,1603838,BIIB
2/29/2016,262.68,265.6,259.18,259.42,1790106,BIIB
3/1/2016,261.37,271.01,259.25,270.9,1928394,BIIB
3/2/2016,270.17,274.57,268.6601,273.66,1664018,BIIB
3/3/2016,272.22,272.82,266.14,268.64,1430947,BIIB
3/4/2016,269.64,269.68,263.125,263.94,1640771,BIIB
3/7/2016,262.14,272.44,261.2,269.52,1681155,BIIB
3/8/2016,267.24,269.02,260.78,261.28,1552059,BIIB
3/9/2016,261.26,263.28,252.38,255.66,1892508,BIIB
3/10/2016,257,260.57,251,251.97,1962820,BIIB
3/11/2016,255.98,260.04,255.1,259.74,1759902,BIIB
3/14/2016,258.91,259.8896,256.9,257.77,1242377,BIIB
3/15/2016,257.47,257.92,248.54,250.33,1954790,BIIB
3/16/2016,250.42,256.19,247.6125,250.84,1744823,BIIB
3/17/2016,250,250.03,242.25,246.31,1894960,BIIB
3/18/2016,247.83,251.16,243.21,250.78,3347878,BIIB
3/21/2016,249.52,257.41,247.01,256.05,1451654,BIIB
3/22/2016,252.7,261.3799,252.2,259.42,1564556,BIIB
3/23/2016,257,258.35,253.59,255.24,1545596,BIIB
3/24/2016,253.79,257.54,251.13,254.69,1077050,BIIB
3/28/2016,255.05,256.71,251.45,251.76,1018969,BIIB
3/29/2016,251.68,254.97,246.74,254.68,1276632,BIIB
3/30/2016,256.04,257.915,252.63,254.18,1162260,BIIB
3/31/2016,255.07,261.4,254.1901,260.32,1550277,BIIB
4/1/2016,258.83,261.96,257.5,260.54,2156239,BIIB
4/4/2016,260.56,266,260.041,264.01,2414503,BIIB
4/5/2016,262.28,267.75,262.15,265.62,1700690,BIIB
4/6/2016,266.33,280.58,266.17,279.57,3018816,BIIB
4/7/2016,278.03,280.699,271.15,273.04,2006137,BIIB
4/8/2016,275,275.16,267.33,270.83,2135965,BIIB
4/11/2016,271.57,272.9799,264.21,265.19,1888514,BIIB
4/12/2016,265,268.6799,262.27,267.61,1459066,BIIB
4/13/2016,269.22,272.767,267.35,271.73,1394969,BIIB
4/14/2016,270.71,272,269.07,270.56,910058,BIIB
4/15/2016,270.56,271.07,265.31,268.5,1685157,BIIB
4/18/2016,267.85,273.37,267.04,272.92,1541310,BIIB
4/19/2016,273.1,275.98,270.232,271,1397437,BIIB
4/20/2016,271.92,271.92,263.31,265.89,2522477,BIIB
4/21/2016,268.84,280.1325,268.84,279.6,3153554,BIIB
4/22/2016,280.4,283.54,278.21,282.7,2355104,BIIB
4/25/2016,281.57,286.32,281.56,284.85,1663573,BIIB
4/26/2016,285.63,285.95,280.67,281.7,1473726,BIIB
4/27/2016,281.57,282,278.52,280.06,1099742,BIIB
4/28/2016,278,284.05,277.51,281.08,1403403,BIIB
4/29/2016,278.24,280.53,271.395,274.99,1941004,BIIB
5/2/2016,274.74,274.99,268.883,273.69,1359264,BIIB
5/3/2016,272.82,276.61,271.09,273.71,1603572,BIIB
5/4/2016,271.7,271.75,262.44,263.12,1788237,BIIB
5/5/2016,263.58,265.4,262.63,264.62,1105910,BIIB
5/6/2016,263.47,265.87,260.89,263.61,1202308,BIIB
5/9/2016,264.72,273.1375,264.1,270.17,1425832,BIIB
5/10/2016,271.64,273.61,269.6,273.27,1031756,BIIB
5/11/2016,272.22,273.61,267,267.25,971498,BIIB
5/12/2016,268.25,270.55,259.59,262.71,1299337,BIIB
5/13/2016,261.41,264.98,260.1,262.03,997710,BIIB
5/16/2016,263.03,266.95,262.6,266.26,1306115,BIIB
5/17/2016,265.15,267.89,263.08,263.52,1160998,BIIB
5/18/2016,262.65,265.82,262.2625,264.29,1040769,BIIB
5/19/2016,262.8,264.7,256.42,258.72,1281160,BIIB
5/20/2016,259.31,265.55,259,263.66,1340393,BIIB
5/23/2016,263.77,267.1784,263.15,264.85,848539,BIIB
5/24/2016,266.33,273.42,263.94,272.94,1560917,BIIB
5/25/2016,273.73,280.07,273.51,279.7,1796363,BIIB
5/26/2016,279.53,284.28,279.09,282,1829382,BIIB
5/27/2016,282,284.25,280.61,282.79,1262957,BIIB
5/31/2016,285,291.63,284.656,289.73,2146497,BIIB
6/1/2016,287.97,289.95,286.14,286.82,1418366,BIIB
6/2/2016,286.88,289.91,286.5645,289.73,1128675,BIIB
6/3/2016,289.51,292.69,283.79,290.23,1472999,BIIB
6/6/2016,290,290.74,285.21,289.84,1618702,BIIB
6/7/2016,264.45,264.73,250.87,252.86,8876397,BIIB
6/8/2016,255.03,256.79,251.41,254.17,3610356,BIIB
6/9/2016,253.14,256.19,249.57,250.46,2860184,BIIB
6/10/2016,248.15,249.04,244.02,246.13,2455325,BIIB
6/13/2016,245.76,248.4,244.04,244.35,1628246,BIIB
6/14/2016,243.35,245.0132,240.16,241.7,1696739,BIIB
6/15/2016,242.38,242.9899,238.59,238.91,2101563,BIIB
6/16/2016,236.91,243.34,236.54,242.19,1995519,BIIB
6/17/2016,242.27,242.27,238.2,238.21,2219712,BIIB
6/20/2016,241,242.5,237.17,237.39,1401107,BIIB
6/21/2016,238,238.99,232.99,233,1955884,BIIB
6/22/2016,233.66,238.48,232.16,234.6,2622350,BIIB
6/23/2016,237.18,238.79,235.762,238.62,1402996,BIIB
6/24/2016,232,235.296,229,229.02,2685048,BIIB
6/27/2016,227,229.54,223.0211,224.6,2929862,BIIB
6/28/2016,225.68,229.75,225.68,228.52,2115685,BIIB
6/29/2016,232.87,239.85,232,238.91,2881234,BIIB
6/30/2016,239.31,241.9,236.67,241.82,2093220,BIIB
7/1/2016,242.57,246.545,241.59,245.06,1465515,BIIB
7/5/2016,244.62,244.8,240.07,242.03,1239300,BIIB
7/6/2016,241.64,247.89,240.71,247.48,1750938,BIIB
7/7/2016,247.24,249.66,245.2208,247.27,1140351,BIIB
7/8/2016,248.63,251.78,246.11,251.3,1296446,BIIB
7/11/2016,253.25,255.1,251.12,252.54,1746571,BIIB
7/12/2016,253.78,254.85,251.29,253.36,1175107,BIIB
7/13/2016,254.24,254.27,250.82,251.19,1285359,BIIB
7/14/2016,253.3,253.8,250.02,252.87,1295371,BIIB
7/15/2016,254.12,260.45,253.81,260.3,2404882,BIIB
7/18/2016,260.04,262.8,257.47,261.5,2133040,BIIB
7/19/2016,260.94,262.49,258.16,259.82,1094509,BIIB
7/20/2016,259.87,263.16,257.5687,262.41,1830168,BIIB
7/21/2016,279.76,282.54,274.2257,282.45,5548039,BIIB
7/22/2016,282.09,290.92,281.3806,287.78,3394578,BIIB
7/25/2016,287.84,290.58,285.02,287.35,1977714,BIIB
7/26/2016,286,289.95,285.4667,287.04,1987081,BIIB
7/27/2016,286.83,288.77,286.08,288.35,1458156,BIIB
7/28/2016,288.61,289.98,285.07,289.03,1454493,BIIB
7/29/2016,288.85,290.46,286.8,289.93,1338487,BIIB
8/1/2016,300,307.495,299.06,301.83,3565617,BIIB
8/2/2016,302.88,333.65,297.66,330.11,7799985,BIIB
8/3/2016,321.77,324.3,310.06,321.34,6040515,BIIB
8/4/2016,320.15,320.45,314.01,314.56,2002341,BIIB
8/5/2016,316.16,318.91,313.69,315.96,1358794,BIIB
8/8/2016,316.02,316.35,309.16,313.65,2136783,BIIB
8/9/2016,313.72,316.24,311.8,314.42,1132233,BIIB
8/10/2016,315,315,307.14,308.87,1236312,BIIB
8/11/2016,309.47,316.25,309.42,314.49,1771130,BIIB
8/12/2016,311.99,315.23,311.65,313.94,993791,BIIB
8/15/2016,313.4,315.08,310.01,313.39,929774,BIIB
8/16/2016,313.27,316.67,312.64,313.42,946103,BIIB
8/17/2016,314.17,314.71,311.29,313.82,852640,BIIB
8/18/2016,313.57,313.76,312,313.38,878954,BIIB
8/19/2016,313.69,319.89,312.385,316.81,1393517,BIIB
8/22/2016,316.15,320.82,315.13,316.81,1317755,BIIB
8/23/2016,316.81,322.99,315.28,318.17,1429298,BIIB
8/24/2016,318.18,321.7399,306.73,309.33,1646520,BIIB
8/25/2016,309.03,311.97,301.02,306.85,1669761,BIIB
8/26/2016,307.21,310.74,304.56,308.17,1124177,BIIB
8/29/2016,307.87,309.135,304.79,306.13,1044953,BIIB
8/30/2016,305.24,309,305,307.86,1070960,BIIB
8/31/2016,307.68,308.68,304.22,305.63,1044983,BIIB
9/1/2016,307.96,309.25,305.02,306.03,1068034,BIIB
9/2/2016,311.83,318.88,308.66,313.59,2233859,BIIB
9/6/2016,310.43,316.47,309.12,310.67,1705393,BIIB
9/7/2016,309.96,313.72,309.96,312.3,1155574,BIIB
9/8/2016,311.35,312.445,307.42,307.73,1482300,BIIB
9/9/2016,304.62,305.48,296.07,296.1,1976236,BIIB
9/12/2016,294.14,303.85,293.835,302.66,1810964,BIIB
9/13/2016,300.25,300.76,294.74,297.41,1829334,BIIB
9/14/2016,298.34,304.11,298.21,299.79,1538707,BIIB
9/15/2016,300,304.46,298.01,302.82,1276546,BIIB
9/16/2016,303.15,306.29,300.17,304.51,1874532,BIIB
9/19/2016,304.83,308,303.17,303.5,1108344,BIIB
9/20/2016,306.06,308.86,304,307.05,1100149,BIIB
9/21/2016,309,312.39,304.11,312,1527608,BIIB
9/22/2016,313.07,315.98,311.37,314.81,1378024,BIIB
9/23/2016,312.58,317.32,312.11,312.58,881641,BIIB
9/26/2016,311.7,312.02,308.68,309.82,924232,BIIB
9/27/2016,309.78,315,307.5,314.53,1104517,BIIB
9/28/2016,315.99,315.99,308.74,310.55,1020123,BIIB
9/29/2016,310.17,312.47,304.04,305.78,1133926,BIIB
9/30/2016,306.59,314.38,306.04,313.03,2124784,BIIB
10/3/2016,313,313,308.85,311.59,1001181,BIIB
10/4/2016,311.94,313.9999,309.885,311.48,914048,BIIB
10/5/2016,313.27,313.32,308.6,309.7,977263,BIIB
10/6/2016,308.3,309.89,303.92,305.99,865092,BIIB
10/7/2016,307.31,308,302.215,305.59,1525994,BIIB
10/10/2016,308,308.7,304.27,304.59,987242,BIIB
10/11/2016,304.13,304.52,296.32,298.3,1494581,BIIB
10/12/2016,298.29,299.12,291.49,291.88,1823719,BIIB
10/13/2016,289.19,296.62,288.911,294.41,1571633,BIIB
10/14/2016,295.63,297.34,290.13,290.5,1149803,BIIB
10/17/2016,289.89,293.42,288.25,291.67,1209675,BIIB
10/18/2016,292.87,298.57,292.63,295.05,1153112,BIIB
10/19/2016,296.26,296.5365,292.49,295.14,988160,BIIB
10/20/2016,293.85,300.3195,293.77,299.66,1323709,BIIB
10/21/2016,299.07,299.07,289.78,290.65,1567526,BIIB
10/24/2016,292.3,293.4047,290,290.78,1088183,BIIB
10/25/2016,290.84,291.08,285.2749,286,1838332,BIIB
10/26/2016,294.98,301.34,291.3,296.46,2660104,BIIB
10/27/2016,298,300.78,290.51,290.89,1554338,BIIB
10/28/2016,290.29,290.47,280.34,283.64,1884480,BIIB
10/31/2016,284.91,285,279.23,280.18,1448893,BIIB
11/1/2016,280.03,285.18,279.53,282.56,1371542,BIIB
11/2/2016,282.31,282.31,277.09,277.26,1081865,BIIB
11/3/2016,277.65,278.5664,272.98,273.49,1407914,BIIB
11/4/2016,269.39,279.93,268,277,1307599,BIIB
11/7/2016,290.64,297.27,289.23,295.62,2189951,BIIB
11/8/2016,295.2,299.07,292.55,295.6,1031009,BIIB
11/9/2016,312,328.98,309.68,319.86,4271743,BIIB
11/10/2016,321.95,329.83,319.49,324.4,2665842,BIIB
11/11/2016,320.29,322.6436,314.4729,319.18,1619528,BIIB
11/14/2016,319.73,324.83,317.535,321.49,1567854,BIIB
11/15/2016,321.55,323.15,314.61,322.58,1685065,BIIB
11/16/2016,323.15,325.3,317.39,317.65,1218135,BIIB
11/17/2016,318.23,320.235,315.35,319.3,1459513,BIIB
11/18/2016,318.86,321,313.31,317,1298399,BIIB
11/21/2016,318.36,320.308,316.515,318.32,1331116,BIIB
11/22/2016,320.79,321,314.02,318.11,1522222,BIIB
11/23/2016,293.82,308.88,293.8,305.93,5378165,BIIB
11/25/2016,306.46,307.15,302.39,305.2,741587,BIIB
11/28/2016,304.36,305.84,301.3,303.78,1247877,BIIB
11/29/2016,304.73,307.42,302.53,302.77,1389545,BIIB
11/30/2016,303.34,304.3,293.95,294.07,2164882,BIIB
12/1/2016,296.32,296.65,293.11,295.78,1684754,BIIB
12/2/2016,296.53,299.95,293.04,297.19,1429360,BIIB
12/5/2016,298.94,299.888,289.48,290.22,1870741,BIIB
12/6/2016,291.75,294.45,290,291.16,1572611,BIIB
12/7/2016,285.5,288.97,280.5,285.3,1967395,BIIB
12/8/2016,285.8,292.97,278.58,289.54,4771276,BIIB
12/9/2016,305.24,306.98,281.79,287.77,6257682,BIIB
12/12/2016,289.2,290.95,284.07,286.49,1776185,BIIB
12/13/2016,286.75,289.5,284.81,287.38,1596156,BIIB
12/14/2016,288.21,289.96,285.24,286.25,1299333,BIIB
12/15/2016,287.16,288.53,285.02,286.97,1706514,BIIB
12/16/2016,287.62,289.0899,286,286.4,2273191,BIIB
12/19/2016,286.59,290.51,272.96,278.77,2553470,BIIB
12/20/2016,280.98,286.67,279.13,285.59,2219556,BIIB
12/21/2016,285.06,285.65,281,283.11,1377843,BIIB
12/22/2016,281.83,283.17,280.02,283.07,1061841,BIIB
12/23/2016,283.05,288.38,281.81,287.53,1118144,BIIB
12/27/2016,295.17,296.38,290.75,291.12,1453100,BIIB
12/28/2016,291.99,292.11,288.5,289.25,1036170,BIIB
12/29/2016,288.96,290.41,285.23,287.03,1120879,BIIB
12/30/2016,287.79,288.56,282.64,283.58,1327153,BIIB
1/3/2017,285.82,293.2,284.86,291.71,1763443,BIIB
1/4/2017,291.59,296.83,290.04,294.05,1273467,BIIB
1/5/2017,294.81,296.32,292.2184,293.57,1318575,BIIB
1/6/2017,294.59,296.41,292.39,295,1082512,BIIB
1/9/2017,295.39,300,294.41,299.02,1430479,BIIB
1/10/2017,300.42,301.42,296.43,297.79,1408419,BIIB
1/11/2017,296.95,297.905,285.001,287.11,2450513,BIIB
1/12/2017,286.61,288.99,285.04,287.77,1354719,BIIB
1/13/2017,288.07,289.86,284.25,284.75,1711466,BIIB
1/17/2017,284.28,286.35,281.08,283.01,1971069,BIIB
1/18/2017,284.79,286.16,282.87,283.61,1079736,BIIB
1/19/2017,282.74,284.84,279.23,280.35,1421500,BIIB
1/20/2017,282.07,282.56,279.41,280.66,1979109,BIIB
1/23/2017,280.35,282.72,275.49,276.02,1858013,BIIB
1/24/2017,275.74,278.4,271.47,273.82,1975246,BIIB
1/25/2017,274.54,277.78,271.43,273.24,2788425,BIIB
1/26/2017,278,285.78,277,278.89,2419015,BIIB
1/27/2017,280.46,281.98,277.29,278.21,1353362,BIIB
1/30/2017,278.27,278.9005,274.22,276.06,1300320,BIIB
1/31/2017,275.01,278,271.9,277.24,1856355,BIIB
2/1/2017,278.98,282.07,277.5101,281.69,1699544,BIIB
2/2/2017,263.76,264.52,260.5,264.23,2733879,BIIB
2/3/2017,264.98,266,261.76,264.67,1537510,BIIB
2/6/2017,264.46,265.73,263.1843,264.91,1619058,BIIB
2/7/2017,269.47,269.67,264.561,266.11,1546866,BIIB
2/8/2017,265.43,269.01,265.43,268.74,1922644,BIIB
2/9/2017,268.24,271.16,267.74,270.44,1399655,BIIB
2/10/2017,270.68,276.41,269.98,274.76,1648854,BIIB
2/13/2017,276.28,279.76,275.16,278.91,1795505,BIIB
2/14/2017,279.86,286.06,279.01,285.14,2404545,BIIB
2/15/2017,284.57,292.89,284.24,292.64,2601209,BIIB
2/16/2017,292.5,293.98,287.7619,290.13,1834892,BIIB
2/17/2017,290,291.9,287.76,288.94,2022911,BIIB
2/21/2017,289.16,289.91,286.22,286.9,1471212,BIIB
2/22/2017,287.75,289.43,285.22,287.63,1045957,BIIB
2/23/2017,287.75,288.11,283.36,284.75,1418866,BIIB
2/24/2017,285.01,285.81,266,285.13,1768544,BIIB
2/27/2017,285.39,291.25,284.27,291.13,1295089,BIIB
2/28/2017,290.13,291.42,287.19,288.6,1251341,BIIB
3/1/2017,290.07,294.17,289.14,293.26,1319662,BIIB
3/2/2017,293.64,296.93,291,293.59,1282367,BIIB
3/3/2017,293.12,298,293.12,297.85,1170895,BIIB
3/6/2017,297.09,297.9,294.4,295.66,1395575,BIIB
3/7/2017,293.89,293.89,290.67,291.1,1298355,BIIB
3/8/2017,290.18,294.8171,288.72,294.09,1253038,BIIB
3/9/2017,291.27,294.92,290.44,293.06,1281210,BIIB
3/10/2017,293.31,293.9,289.45,292.24,1303701,BIIB
3/13/2017,291.55,293.85,290.15,292.95,1291753,BIIB
3/14/2017,292.27,293.39,290.18,292.47,797920,BIIB
3/15/2017,293.14,294.56,289.39,292.64,1376048,BIIB
3/16/2017,285.01,285.43,275.7,278.96,3870926,BIIB
3/17/2017,276.07,280.61,274.61,276.09,3140208,BIIB
3/20/2017,276.86,278.61,272.97,274.8,1666855,BIIB
3/21/2017,276.4,284.71,274.54,275.79,3841567,BIIB
3/22/2017,276.43,278.54,274.93,277.87,1333588,BIIB
3/23/2017,277.03,279.3899,274.69,275.41,1605032,BIIB
3/24/2017,277.08,278.1,272.87,274.82,1368217,BIIB
3/27/2017,272.55,276.71,272.34,275.23,1133652,BIIB
3/28/2017,275.59,276.71,272.5,274.11,1149367,BIIB
3/29/2017,273.91,273.91,268.2,268.53,2632221,BIIB
3/30/2017,268.69,270.07,267.74,269.06,1448834,BIIB
3/31/2017,269.3,275,268.02,273.42,2747445,BIIB
4/3/2017,274.08,274.79,271.29,272.69,1589017,BIIB
4/4/2017,273,274.73,272.57,274.24,1086219,BIIB
4/5/2017,274.48,274.655,270.07,270.44,1340182,BIIB
4/6/2017,270.14,272.6,269.34,270.94,1623152,BIIB
4/7/2017,270.6,270.84,267.32,268.73,1675541,BIIB
4/10/2017,268.68,270.4,268.14,269.3,860975,BIIB
4/11/2017,269.08,269.995,267.1,268.65,1247187,BIIB
4/12/2017,270.37,270.64,267.77,268.92,1058104,BIIB
4/13/2017,269.09,273.14,267.505,271.88,1173771,BIIB
4/17/2017,271.5,274.64,271.0001,274.05,1025839,BIIB
4/18/2017,273.93,275.18,269.72,271.16,1379501,BIIB
4/19/2017,272.72,274,271.08,271.94,1190333,BIIB
4/20/2017,272.2,273.63,270.78,272.46,981158,BIIB
4/21/2017,272.72,274.9,271.62,272.94,1127569,BIIB
4/24/2017,274.93,278.69,274.61,276.86,2007261,BIIB
4/25/2017,290,291.9,285.9,286.89,3126279,BIIB
4/26/2017,285.28,286.62,279.57,279.98,2146665,BIIB
4/27/2017,279.57,281.22,275.6,276.57,2268464,BIIB
4/28/2017,277.09,277.28,271.06,271.21,1803391,BIIB
5/1/2017,271.35,273.81,270.5,271.03,1151074,BIIB
5/2/2017,271.51,273.25,269.72,271.34,1384341,BIIB
5/3/2017,271.44,272.5,270.088,271.36,929007,BIIB
5/4/2017,271.13,272.5312,267.61,268.6,1143364,BIIB
5/5/2017,268.32,269.5,261,262.15,1914093,BIIB
5/8/2017,262.52,263.6,259.99,260.42,1985513,BIIB
5/9/2017,260.99,263.66,260.28,261.28,1159180,BIIB
5/10/2017,260.63,262.3,257.02,257.92,1503571,BIIB
5/11/2017,257.27,258.19,252.69,254.15,1850635,BIIB
5/12/2017,255.41,256.3,253.3,254.84,1119765,BIIB
5/15/2017,253.97,259.95,253.97,258.53,1653636,BIIB
5/16/2017,259.44,260.615,256.6,257.64,1049703,BIIB
5/17/2017,255.38,256.14,251.17,251.34,1413544,BIIB
5/18/2017,252.23,254.15,251.59,252.81,1242574,BIIB
5/19/2017,253.41,254.82,249.71,250.09,1990386,BIIB
5/22/2017,250.69,251,249.005,250.04,1331175,BIIB
5/23/2017,250.97,250.97,247.97,248.1,1006030,BIIB
5/24/2017,249.3,254.3678,246.12,253.33,2236867,BIIB
5/25/2017,252.65,254.449,252,252.97,1552902,BIIB
5/26/2017,252.59,253.62,250.51,250.8,833069,BIIB
5/30/2017,250.4,251.55,246.34,246.54,1366755,BIIB
5/31/2017,247.31,247.98,244.28,247.77,1893540,BIIB
6/1/2017,250.03,253.11,248.61,252.38,1548086,BIIB
6/2/2017,252.98,258.26,252.14,256.65,1731797,BIIB
6/5/2017,257.37,259.24,255.73,258.5,1579551,BIIB
6/6/2017,257.06,258.3,254.96,257.16,1080730,BIIB
6/7/2017,257.71,258.57,255.11,255.43,1153150,BIIB
6/8/2017,255.25,258.11,254.52,257.17,1141228,BIIB
6/9/2017,256.31,262.37,254.87,259.89,1575879,BIIB
6/12/2017,260.23,265.48,259.57,262.11,1576747,BIIB
6/13/2017,261.97,262.12,259.55,261.42,1312387,BIIB
6/14/2017,255.56,257.38,250.88,253.37,3067556,BIIB
6/15/2017,253.6,255.76,253.15,255.02,1443689,BIIB
6/16/2017,255.49,256.77,250.89,251.74,2427665,BIIB
6/19/2017,253.23,262.28,252.94,260.54,1956199,BIIB
6/20/2017,260.82,269,259.61,266,2250159,BIIB
6/21/2017,266.11,279.81,266.11,278.6,3158457,BIIB
6/22/2017,279.86,284.21,278.3,280.57,2838940,BIIB
6/23/2017,282.33,284.465,277.58,280.32,2439595,BIIB
6/26/2017,281.74,282.89,277.64,279.81,1279545,BIIB
6/27/2017,279,279.4,271.2,271.25,1731463,BIIB
6/28/2017,271.25,275.51,269.09,274.64,1172506,BIIB
6/29/2017,275,275.2,268.91,271.88,1035289,BIIB
6/30/2017,273.7,276.09,269.58,271.36,1372952,BIIB
7/3/2017,272.62,275.11,272.12,272.52,612455,BIIB
7/5/2017,272.97,278.369,272.61,277.71,1326334,BIIB
7/6/2017,275.57,276.89,271,271.96,1309650,BIIB
7/7/2017,271.9,274.86,270.8001,273.93,906260,BIIB
7/10/2017,273.5,274.08,270.31,273.58,942240,BIIB
7/11/2017,273.1,274.1,269.5,271.76,923109,BIIB
7/12/2017,274.15,276.45,272.33,275.08,1406511,BIIB
7/13/2017,276.04,280.75,272.61,278.36,1422679,BIIB
7/14/2017,279.74,281.34,277.77,280.81,920995,BIIB
7/17/2017,280.1,284.31,279.51,282.65,1531778,BIIB
7/18/2017,283.01,283.68,280.31,282.6,1126696,BIIB
7/19/2017,283.52,285.84,280.51,281.95,1103504,BIIB
7/20/2017,282.18,284.32,280.75,281.44,1049150,BIIB
7/21/2017,280.25,283,280.02,282.92,985437,BIIB
7/24/2017,283,285.35,280.01,284.7,1476166,BIIB
7/25/2017,290.01,291.91,280.24,282.96,3110019,BIIB
7/26/2017,288.55,296.95,285.02,295.61,3014605,BIIB
7/27/2017,295.14,296.8,285.03,287.95,1721549,BIIB
7/28/2017,287.48,289.3014,283.9995,287.44,869157,BIIB
7/31/2017,287.6,290.96,287.59,289.59,1281117,BIIB
8/1/2017,290.8,291.86,289.55,291.15,1195355,BIIB
8/2/2017,290.15,291.62,287.17,288,1279405,BIIB
8/3/2017,288.85,289.01,285,286.09,882802,BIIB
8/4/2017,286.89,288.63,284.4501,288.27,745982,BIIB
8/7/2017,289.18,291.17,288.17,291.01,1035630,BIIB
8/8/2017,291.18,291.7,288.5,289.26,931238,BIIB
8/9/2017,285.79,289.47,285.73,288.74,777522,BIIB
8/10/2017,286.72,287.1122,280.88,281.15,1377956,BIIB
8/11/2017,282.4,285.9,281.29,283.68,727172,BIIB
8/14/2017,285.08,286.58,284,286.05,786776,BIIB
8/15/2017,287.1,289.71,285.513,287.92,861688,BIIB
8/16/2017,291.16,296.91,290.29,294.08,1684310,BIIB
8/17/2017,293.07,294,284.29,284.42,1590602,BIIB
8/18/2017,283.31,285.67,281.6496,281.77,814072,BIIB
8/21/2017,280.95,284.05,280.6,283.15,850262,BIIB
8/22/2017,284.13,288.15,283.11,286.72,944995,BIIB
8/23/2017,286,286,282.26,282.64,1047434,BIIB
8/24/2017,283.66,285.8,281.8,285.45,801483,BIIB
8/25/2017,287.31,289.85,284.89,285.06,900469,BIIB
8/28/2017,288.12,295.5,287,292.3,1447800,BIIB
8/29/2017,289.36,293.8,289.36,293.58,903293,BIIB
8/30/2017,291.46,305.49,291.46,303.75,1916770,BIIB
8/31/2017,304.59,316.85,304.19,316.56,2503588,BIIB
9/1/2017,317.16,322.12,313.68,321.01,2083874,BIIB
9/5/2017,318.63,319.82,312.54,315.83,1662877,BIIB
9/6/2017,317.48,321.9,314.28,317.36,1535298,BIIB
9/7/2017,317.36,325.769,315,323.9,1571554,BIIB
9/8/2017,326.73,329.84,323.69,326.33,1429845,BIIB
9/11/2017,329.6,329.95,322.82,326.54,1301326,BIIB
9/12/2017,326.82,329.82,324.44,329.69,1045577,BIIB
9/13/2017,329.57,330,323.4,324.05,1160915,BIIB
9/14/2017,323.07,326.2,319.59,323.66,1136440,BIIB
9/15/2017,324.91,325.99,320.37,321.26,2235370,BIIB
9/18/2017,321.5,321.8099,317.595,318.18,1001770,BIIB
9/19/2017,318.43,319.44,316.46,317.93,779263,BIIB
9/20/2017,318.61,321.6,316.52,319,849480,BIIB
9/21/2017,316.39,317.96,314.44,315.03,934729,BIIB
9/22/2017,311.3,319.34,311.3,318.46,988098,BIIB
9/25/2017,318.28,321.5,316.96,317.51,1284583,BIIB
9/26/2017,318.21,320.5,314,317.06,944261,BIIB
9/27/2017,318.57,318.75,311.73,312.8,1086353,BIIB
9/28/2017,312.75,314.57,308.88,310,957166,BIIB
9/29/2017,309.09,313.604,303,313.12,1647552,BIIB
10/2/2017,315.19,317.13,313.12,316.17,1673993,BIIB
10/3/2017,317.11,317.8,313.91,317.39,850873,BIIB
10/4/2017,313.57,316.55,306,314.92,1067637,BIIB
10/5/2017,320.72,330.98,320.2758,326.74,2159778,BIIB
10/6/2017,325.21,328.5,324.6,327.48,1038975,BIIB
10/9/2017,327.46,332.24,326.325,329.01,902443,BIIB
10/10/2017,328.55,332.87,328.25,332.83,1003984,BIIB
10/11/2017,332.12,333.33,329.27,333.19,938930,BIIB
10/12/2017,332.93,334.32,330.04,333.31,1120224,BIIB
10/13/2017,333.26,338.94,332.07,337.64,1360299,BIIB
10/16/2017,337.73,344.37,333.17,335.68,1176589,BIIB
10/17/2017,343.12,348.65,339.69,344.47,1616264,BIIB
10/18/2017,346.56,348.84,343.54,344.58,1247013,BIIB
10/19/2017,343.4,346.11,338.11,342.42,1291847,BIIB
10/20/2017,343,343.31,333.93,338.1,1909267,BIIB
10/23/2017,335.25,335.51,327.83,328.55,1885197,BIIB
10/24/2017,319,321.11,301.81,315.73,5849256,BIIB
10/25/2017,317.96,320.25,313,314.64,1879929,BIIB
10/26/2017,310,313.57,305.12,307.64,1905314,BIIB
10/27/2017,307.45,309.6,305.0029,307.74,1679757,BIIB
10/30/2017,307.74,317.67,307.2,315.8,1469629,BIIB
10/31/2017,315.18,316.86,310.5,311.66,1201617,BIIB
11/1/2017,312.75,319.95,311.57,315.73,1386167,BIIB
11/2/2017,316,319.22,308.59,309.4,1570868,BIIB
11/3/2017,309.79,314.205,308.21,314.14,827968,BIIB
11/6/2017,314.39,319.4,314.14,315.47,1065157,BIIB
11/7/2017,315.94,315.975,310.46,313.57,887460,BIIB
11/8/2017,314.81,314.81,311.64,312.58,1232174,BIIB
11/9/2017,312,313.97,308.9,309.96,894157,BIIB
11/10/2017,310.1,311.7,306.39,310.44,820707,BIIB
11/13/2017,310.47,316.07,308.57,315.71,1186761,BIIB
11/14/2017,313.34,314.44,307.5,309.69,1214281,BIIB
11/15/2017,309.69,313.19,308,310.28,1294004,BIIB
11/16/2017,310.72,314.62,309.68,313.98,731712,BIIB
11/17/2017,313.47,316,310.18,313.97,907441,BIIB
11/20/2017,313.6,315.76,309.165,309.46,667189,BIIB
11/21/2017,310.87,311.22,306.11,309.06,1281649,BIIB
11/22/2017,308.91,311.105,307.15,309.8,733319,BIIB
11/24/2017,308.5,310.35,307.27,308.97,514110,BIIB
11/27/2017,310.07,312.45,307.01,311.73,1353334,BIIB
11/28/2017,314.12,317.39,312.1001,317.14,1100667,BIIB
11/29/2017,317.5,321.29,316.23,319.96,1360783,BIIB
11/30/2017,320.69,323.69,317.76,322.17,1186228,BIIB
12/1/2017,320.7,323.07,314.77,319.35,1207790,BIIB
12/4/2017,319.2,321.75,315.56,317.4,908712,BIIB
12/5/2017,317.66,322.25,317.66,319.87,915577,BIIB
12/6/2017,319,320.58,311.75,314.66,938762,BIIB
12/7/2017,315.42,319.91,311.9501,319.57,987076,BIIB
12/8/2017,321,327.55,319.85,325.77,1133930,BIIB
12/11/2017,327.09,330.61,322.66,328.03,1142809,BIIB
12/12/2017,325.2,327.9,323.84,327.75,747632,BIIB
12/13/2017,328.21,332.845,327.25,330.71,1129245,BIIB
12/14/2017,332,332,321.11,323.55,1173905,BIIB
12/15/2017,328.61,330.115,321.73,327.94,2023490,BIIB
12/18/2017,329.67,330.42,324.54,325.95,990818,BIIB
12/19/2017,326.13,328.385,324,327.02,866722,BIIB
12/20/2017,330.75,335.8,329.3,333.47,1276511,BIIB
12/21/2017,319.75,328.6,319.05,322.52,2212924,BIIB
12/22/2017,323.16,323.5,318.7652,319.5,886954,BIIB
12/26/2017,319.45,320.14,316.2533,319.78,653939,BIIB
12/27/2017,319.93,322.25,318.87,320.07,600908,BIIB
12/28/2017,320.6,322.375,319.26,320.33,659971,BIIB
12/29/2017,320.55,322.75,318.24,318.57,619490,BIIB
1/2/2018,321.15,335.43,318.33,334.17,1422514,BIIB
1/3/2018,333.46,340.45,332.71,339.85,1121700,BIIB
1/4/2018,339.73,341.4,335.46,339.99,967081,BIIB
1/5/2018,342,344.12,339.06,342.49,1486430,BIIB
1/8/2018,341.45,341.94,327.26,329.65,1438849,BIIB
1/9/2018,329.65,339.49,329.06,336.36,1326434,BIIB
1/10/2018,334.59,339.94,331.835,336.72,973445,BIIB
1/11/2018,338.01,338.54,329.34,333.07,1001967,BIIB
1/12/2018,333.31,336.61,331.511,335.95,885516,BIIB
1/16/2018,337.63,344.87,336.5561,338.85,1256795,BIIB
1/17/2018,339.72,347.78,337.28,344.87,1428975,BIIB
1/18/2018,343.99,345,337.5,344.44,1302491,BIIB
1/19/2018,347.57,347.57,341.82,342.41,1232214,BIIB
1/22/2018,343.59,347.82,342.03,347.64,1195213,BIIB
1/23/2018,348,354.28,345.735,346.75,1186212,BIIB
1/24/2018,348.89,350.12,342.3,346.5,1512595,BIIB
1/25/2018,358,358,341.21,353.74,1863031,BIIB
1/26/2018,356.17,370.57,356.05,367.91,2232708,BIIB
1/29/2018,365.15,367.9,357.47,358.48,1317973,BIIB
1/30/2018,355.47,357.75,351.125,352.59,1127762,BIIB
1/31/2018,357.34,359.61,345.72,347.81,1398017,BIIB
2/1/2018,348.18,352.38,344.58,346,1372937,BIIB
2/2/2018,343.98,348.685,342.31,343.83,1094965,BIIB
2/5/2018,344.58,348.34,328.31,328.31,1541265,BIIB
2/6/2018,322.52,332.95,321.11,332.86,1768248,BIIB
2/7/2018,329.9,333.59,326.25,326.89,1237256,BIIB
